Model,Precision,Recall,F1,MCC,AUROC,PRAUC
CRISPR-IP,0.18994999999999998,0.97345,0.30843333333333334,0.16811666666666666,0.6279666666666667,0.22478333333333333
CRISPR-M,0.18253333333333333,0.9709833333333333,0.2961666666666667,0.08736666666666666,0.6759666666666666,0.26743333333333336
CRISPR-Net,0.2106,0.9546166666666668,0.3310666666666667,0.18463333333333334,0.6785333333333333,0.3020333333333333
Crispr-SGRU,0.18856666666666666,0.96265,0.30488333333333334,0.13561666666666666,0.6373833333333333,0.27365
CrisprDNT,0.19065,0.9447666666666666,0.30585,0.12851666666666667,0.6366666666666667,0.25753333333333334
R-CRISPR,0.21436666666666668,0.971,0.3384833333333333,0.2111333333333333,0.7013666666666666,0.30141666666666667
