Model,Precision,Recall,F1,MCC,AUROC,PRAUC
CRISPR-IP,0.27075,0.8342499999999999,0.38273333333333337,0.2755166666666667,0.75895,0.3542666666666667
CRISPR-M,0.2682333333333333,0.7401166666666666,0.3696,0.24346666666666664,0.7195166666666667,0.31426666666666664
CRISPR-Net,0.2729333333333333,0.8805666666666667,0.4007833333333333,0.29741666666666666,0.7682166666666667,0.39576666666666666
Crispr-SGRU,0.2833833333333333,0.8114166666666667,0.40701666666666664,0.29701666666666665,0.7541833333333333,0.38155
CrisprDNT,0.24123333333333333,0.7642000000000001,0.3519666666666667,0.21613333333333332,0.7290666666666666,0.3471166666666667
R-CRISPR,0.28175,0.8456666666666667,0.40640000000000004,0.30088333333333334,0.7585666666666667,0.37443333333333334
